[
  {
    "name": "NGÂN",
    "wish": "Cảm ơn thầy vì đã luôn ở đây, luôn đồng hành và hướng dẫn tận tâm cho tụi em. Tụi em cảm thấy vô cùng hạnh phúc và biết ơn thầy. Nhân dịp 20/11 - Ngày nhà giáo Việt Nam, tụi em xin chúc thầy tất cả những điều tốt đẹp nhất. Thầy không chỉ là người truyền đạt kiến thức mà còn là người truyền cảm hứng cho tụi em. Chúng em xin chúc thầy luôn thành công trong sự nghiệp và có thật nhiều niềm vui trong cuộc sống. Chúc thầy luôn được may mắn và hạnh phúc. Xin chúc thầy luôn giữ gìn sức khỏe để tiếp tục đồng hành cùng chúng em trên con đường học tập và trong tương lai sắp tới."
  },
  {
    "name": "HOA",
    "wish": "Cảm ơn Cô Hoa vì đã đồng hành cùng tụi em!!! Thời gian dẫn trôi và ngày này cũng tới, là ngày ‘Nhà giáo Việt Nam 20/11’, nhân dịp quan trọng trên, ban media cũng như toàn thể câu lạc bộ xin chân thành cảm ơn Cô rất nhiều ❤️ 20/11 Chúng em xin chúc Cô thật nhiều niềm vui, tràn đầy sức khoẻ để tiếp tục “truyền lửa” và đào tạo nên những lứa học sinh suất sắc. Luôn yêu công việc cao quý của mình, thành công và hạnh phúc hơn, cuộc sống ngày càng suôn sẻ, tươi đẹp như tên mình ạ🫶"
  },
  {
    "name": "NHUNG",
    "wish": "Mỗi năm, câu lạc bộ chúng ta đón nhận những làn gió mới. Đó là sự chia tay với những gương mặt cũ, thân quen đã đóng góp cho câu lạc bộ nhưng cùng đồng thời đón nhận những gương mặt mới, những trụ cột tương lai của câu lạc bộ. Và ban Design chúng ta cũng không thể tránh khỏi điều đó. Tuy vậy, ban ta lại được thêm phần ưu ái hơn khi luôn có một người luôn ở đó, luôn sẵn lòng để đón nhận những gương mặt cũ trở về cũng như đón tiếp, hỗ trợ những gương mới. Cảm ơn cô Nhung! cảm ơn cô vì những tháng ngày luôn ở bên những “búp măng non” ban Design tụi con. Cô là người đã giúp gắn kết mọi người, từ những học sinh hướng nội mỗi lần sinh hoạt sẽ ngồi cá biệt một nơi mà giờ đây lại có thể tụ tập lại một chỗ để cùng nhau sinh hoạt và bàn các kế hoạch cho ban. Và nhân dịp 20/11 này, mọi người ban Design muốn gửi đến cô những lời chúc tốt đẹp nhất. Tụi con mong cô luôn đạt được những thành tựu to lớn, những trải nghiệm mới mẻ và đặc biệt đặc biệt trong công việc. Đồng thời chúc cô luôn giữ được cái năng lượng vui vẻ và đạt được sức khỏe dồi dào trong cuộc sống để tiếp tục đồng hành với tụi con cũng như các thế hệ sau của ban trên những đoạn đường tiếp theo."
  },
  {
    "name": "PHI",
    "wish": "Nhân dịp ngày nhà giáo Việt Nam 20/11, tập thể học sinh ban thuật toán xin cảm ơn thầy Phi đã đồng hành và là người truyền đam mê cho nhiều thành viên trong ban. Chúng con chúc thầy có thật nhiều sức khoẻ, hạnh phúc, giữ vững ngọn lửa nhiệt huyết với nghề để thắp sáng tương lai cho những thế hệ học sinh trên giảng đường mới của thầy. Cảm ơn thầy đã luôn bên cạnh, ủng hộ và tạo thật nhiều kỉ niệm đẹp cùng chúng con."
  },
  {
    "name": "PHƯỢNG",
    "wish": "Nhân dịp ngày nhà giáo Việt Nam 20/11, tập thể học sinh ban thuật toán xin cảm ơn thầy Phi, cô Phượng đã đồng hành và là người truyền đam mê cho nhiều thành viên trong ban. Chúng con chúc cô có thật nhiều sức khoẻ, hạnh phúc, giữ vững ngọn lửa nhiệt huyết với nghề để thắp sáng tương lai cho những thế hệ học sinh tiếp theo. Cảm ơn thầy cô đã luôn bên cạnh, ủng hộ và tạo thật nhiều kỉ niệm đẹp cùng chúng con."
  },
  {
    "name": "TÂM",
    "wish": "Ban Robotic tụi em xin cảm ơn Thầy khi đã tận tâm chỉ dạy, hướng dẫn, đề xuất cho tụi con nhiều cuộc thi, sự kiện thú vị liên quan tới ban. Dù tụi em chưa xuất sắc trong việc đi thi nhưng đã mang cho bản thân tụi em những hiểu biết, kinh nghiệm, trải nghiệm… Thay lời cảm ơn, tụi em xin chúc Thầy 20/11 nhiều niềm vui cùng gia đình và đồng nghiệp, có nhiều sức khoẻ để giảng dạy và đi “chiến” từng cuộc thi trong trường và ngoài trường!!"
  }
]
